Player Name,Position,Team,Slate Type,Date,Role,Salary,Draftable ID,Projected FP,Combined FP,Value,Implied FP,Hits,Home Runs,RBIs,Runs,Stolen Bases,Strikeouts,Record a Win,Quality Starts,Outs,IP,Hits Allowed,Walks,Earned Runs,ERA,Headshot URL,Game Start Time,Match Title (Underdog),Game Short Title (Underdog),Venue Name (Underdog),Venue Type (Underdog),Broadcasts (Underdog),Game Start Time (DRAFTTABLE),Player,Opp,AB Avg,H Avg,1B Avg,2B Avg,3B Avg,HR Avg,R Avg,RBI Avg,SB Avg,BB Avg,K Avg,IP Avg,W Avg,QS Avg,DraftKings,FanDuel,PrizePicks,Underdog,Fav,Spread,O/U,Player Salary,Player Image,Tournament
Freddie Freeman,CPT,NLS,Showdown Captain Mode,Tue Jul 14 2026 01:00:00 GMT-0500 (Central Daylight Time),Showdown Captain Mode 7/14 8:00PM ( @ ),13200,43599650,4.02,11.14,0.3,39.6,,,,,,,,,,,,,,,https://dkn.gs/sports/images/mlb/players/50/32190.png,,,,,,,7/14/2026,,,,,,,,,,,,,,,,,,,,,,,,,,
Hunter Goodman,CPT,NLS,Showdown Captain Mode,Tue Jul 14 2026 01:00:00 GMT-0500 (Central Daylight Time),Showdown Captain Mode 7/14 8:00PM ( @ ),10200,43599660,4.34,9.59,0.43,30.6,,,,,,,,,,,,,,,https://dkn.gs/sports/images/mlb/players/50/582202.png,,,,,,,7/14/2026,,,,,,,,,,,,,,,,,,,,,,,,,,
Freddie Freeman,1B,NLS,Showdown Captain Mode,Tue Jul 14 2026 01:00:00 GMT-0500 (Central Daylight Time),Showdown Captain Mode 7/14 8:00PM ( @ ),8800,43599578,4.02,8.5,0.46,26.4,,,,,,,,,,,,,,,https://dkn.gs/sports/images/mlb/players/50/32190.png,,,,,,,7/14/2026,,,,,,,,,,,,,,,,,,,,,,,,,,
Hunter Goodman,C/OF,NLS,Showdown Captain Mode,Tue Jul 14 2026 01:00:00 GMT-0500 (Central Daylight Time),Showdown Captain Mode 7/14 8:00PM ( @ ),6800,43599588,4.34,7.55,0.64,20.4,,,,,,,,,,,,,,,https://dkn.gs/sports/images/mlb/players/50/582202.png,,,,,,,7/14/2026,,,,,,,,,,,,,,,,,,,,,,,,,,
Corbin Carroll,CPT,NLS,Showdown Captain Mode,Tue Jul 14 2026 01:00:00 GMT-0500 (Central Daylight Time),Showdown Captain Mode 7/14 8:00PM ( @ ),6600,43599691,3.54,6.79,0.54,19.8,,,,,,,,,,,,,,,https://dkn.gs/sports/images/mlb/players/50/459724.png,,,,,,,7/14/2026,,,,,,,,,,,,,,,,,,,,,,,,,,
Max Muncy,CPT,NLS,Showdown Captain Mode,Tue Jul 14 2026 01:00:00 GMT-0500 (Central Daylight Time),Showdown Captain Mode 7/14 8:00PM ( @ ),7200,43599680,2.88,6.62,0.4,21.6,,,,,,,,,,,,,,,https://dkn.gs/sports/images/mlb/players/50/32690.png,,,,,,,7/14/2026,,,,,,,,,,,,,,,,,,,,,,,,,,
Luis Arraez,CPT,NLS,Showdown Captain Mode,Tue Jul 14 2026 01:00:00 GMT-0500 (Central Daylight Time),Showdown Captain Mode 7/14 8:00PM ( @ ),4800,43599713,4.32,6.34,0.9,14.4,,,,,,,,,,,,,,,https://dkn.gs/sports/images/mlb/players/50/32414.png,,,,,,,7/14/2026,,,,,,,,,,,,,,,,,,,,,,,,,,
Ernie Clement,CPT,ALS,Showdown Captain Mode,Tue Jul 14 2026 01:00:00 GMT-0500 (Central Daylight Time),Showdown Captain Mode 7/14 8:00PM ( @ ),4800,43599712,3.9,6,0.81,14.4,,,,,,,,,,,,,,,https://dkn.gs/sports/images/mlb/players/50/476375.png,,,,,,,7/14/2026,,,,,,,,,,,,,,,,,,,,,,,,,,
Corbin Carroll,OF,NLS,Showdown Captain Mode,Tue Jul 14 2026 01:00:00 GMT-0500 (Central Daylight Time),Showdown Captain Mode 7/14 8:00PM ( @ ),4400,43599619,3.54,5.47,0.8,13.2,,,,,,,,,,,,,,,https://dkn.gs/sports/images/mlb/players/50/459724.png,,,,,,,7/14/2026,,,,,,,,,,,,,,,,,,,,,,,,,,
Luis Arraez,1B/2B,NLS,Showdown Captain Mode,Tue Jul 14 2026 01:00:00 GMT-0500 (Central Daylight Time),Showdown Captain Mode 7/14 8:00PM ( @ ),3200,43599641,4.32,5.38,1.35,9.6,,,,,,,,,,,,,,,https://dkn.gs/sports/images/mlb/players/50/32414.png,,,,,,,7/14/2026,,,,,,,,,,,,,,,,,,,,,,,,,,
Max Muncy,3B,NLS,Showdown Captain Mode,Tue Jul 14 2026 01:00:00 GMT-0500 (Central Daylight Time),Showdown Captain Mode 7/14 8:00PM ( @ ),4800,43599608,2.88,5.18,0.6,14.4,,,,,,,,,,,,,,,https://dkn.gs/sports/images/mlb/players/50/32690.png,,,,,,,7/14/2026,,,,,,,,,,,,,,,,,,,,,,,,,,
Ernie Clement,2B/SS,ALS,Showdown Captain Mode,Tue Jul 14 2026 01:00:00 GMT-0500 (Central Daylight Time),Showdown Captain Mode 7/14 8:00PM ( @ ),3200,43599640,3.9,5.04,1.22,9.6,,,,,,,,,,,,,,,https://dkn.gs/sports/images/mlb/players/50/476375.png,,,,,,,7/14/2026,,,,,,,,,,,,,,,,,,,,,,,,,,
Yordan Alvarez,CPT,ALS,Showdown Captain Mode,Tue Jul 14 2026 01:00:00 GMT-0500 (Central Daylight Time),Showdown Captain Mode 7/14 8:00PM ( @ ),15000,43599645,0,0,0,45,,,,,,,,,,,,,,,https://dkn.gs/sports/images/mlb/players/50/32018.png,,,,,,,7/14/2026,,,,,,,,,,,,,,,,,,,,,,,,,,
Yordan Alvarez,OF,ALS,Showdown Captain Mode,Tue Jul 14 2026 01:00:00 GMT-0500 (Central Daylight Time),Showdown Captain Mode 7/14 8:00PM ( @ ),10000,43599573,0,0,0,30,,,,,,,,,,,,,,,https://dkn.gs/sports/images/mlb/players/50/32018.png,,,,,,,7/14/2026,,,,,,,,,,,,,,,,,,,,,,,,,,
Juan Soto,CPT,NLS,Showdown Captain Mode,Tue Jul 14 2026 01:00:00 GMT-0500 (Central Daylight Time),Showdown Captain Mode 7/14 8:00PM ( @ ),14700,43599646,0,0,0,44.1,,,,,,,,,,,,,,,https://dkn.gs/sports/images/mlb/players/50/32822.png,,,,,,,7/14/2026,,,,,,,,,,,,,,,,,,,,,,,,,,
Juan Soto,OF,NLS,Showdown Captain Mode,Tue Jul 14 2026 01:00:00 GMT-0500 (Central Daylight Time),Showdown Captain Mode 7/14 8:00PM ( @ ),9800,43599574,0,0,0,29.4,,,,,,,,,,,,,,,https://dkn.gs/sports/images/mlb/players/50/32822.png,,,,,,,7/14/2026,,,,,,,,,,,,,,,,,,,,,,,,,,
Bobby Witt Jr.,CPT,ALS,Showdown Captain Mode,Tue Jul 14 2026 01:00:00 GMT-0500 (Central Daylight Time),Showdown Captain Mode 7/14 8:00PM ( @ ),14400,43599647,0,0,0,43.2,,,,,,,,,,,,,,,https://dkn.gs/sports/images/mlb/players/50/459801.png,,,,,,,7/14/2026,,,,,,,,,,,,,,,,,,,,,,,,,,
Bobby Witt Jr.,SS,ALS,Showdown Captain Mode,Tue Jul 14 2026 01:00:00 GMT-0500 (Central Daylight Time),Showdown Captain Mode 7/14 8:00PM ( @ ),9600,43599575,0,0,0,28.8,,,,,,,,,,,,,,,https://dkn.gs/sports/images/mlb/players/50/459801.png,,,,,,,7/14/2026,,,,,,,,,,,,,,,,,,,,,,,,,,
Junior Caminero,CPT,ALS,Showdown Captain Mode,Tue Jul 14 2026 01:00:00 GMT-0500 (Central Daylight Time),Showdown Captain Mode 7/14 8:00PM ( @ ),14100,43599648,0,0,0,42.3,,,,,,,,,,,,,,,https://dkn.gs/sports/images/mlb/players/50/645259.png,,,,,,,7/14/2026,,,,,,,,,,,,,,,,,,,,,,,,,,
Junior Caminero,3B,ALS,Showdown Captain Mode,Tue Jul 14 2026 01:00:00 GMT-0500 (Central Daylight Time),Showdown Captain Mode 7/14 8:00PM ( @ ),9400,43599576,0,0,0,28.2,,,,,,,,,,,,,,,https://dkn.gs/sports/images/mlb/players/50/645259.png,,,,,,,7/14/2026,,,,,,,,,,,,,,,,,,,,,,,,,,
Kyle Schwarber,CPT,NLS,Showdown Captain Mode,Tue Jul 14 2026 01:00:00 GMT-0500 (Central Daylight Time),Showdown Captain Mode 7/14 8:00PM ( @ ),13500,43599649,0,0,0,40.5,,,,,,,,,,,,,,,https://dkn.gs/sports/images/mlb/players/50/32377.png,,,,,,,7/14/2026,,,,,,,,,,,,,,,,,,,,,,,,,,
Kyle Schwarber,OF,NLS,Showdown Captain Mode,Tue Jul 14 2026 01:00:00 GMT-0500 (Central Daylight Time),Showdown Captain Mode 7/14 8:00PM ( @ ),9000,43599577,0,0,0,27,,,,,,,,,,,,,,,https://dkn.gs/sports/images/mlb/players/50/32377.png,,,,,,,7/14/2026,,,,,,,,,,,,,,,,,,,,,,,,,,
Pete Crow-Armstrong,CPT,NLS,Showdown Captain Mode,Tue Jul 14 2026 01:00:00 GMT-0500 (Central Daylight Time),Showdown Captain Mode 7/14 8:00PM ( @ ),12900,43599651,0,0,0,38.7,,,,,,,,,,,,,,,https://dkn.gs/sports/images/mlb/players/50/494682.png,,,,,,,7/14/2026,,,,,,,,,,,,,,,,,,,,,,,,,,
Pete Crow-Armstrong,OF,NLS,Showdown Captain Mode,Tue Jul 14 2026 01:00:00 GMT-0500 (Central Daylight Time),Showdown Captain Mode 7/14 8:00PM ( @ ),8600,43599579,0,0,0,25.8,,,,,,,,,,,,,,,https://dkn.gs/sports/images/mlb/players/50/494682.png,,,,,,,7/14/2026,,,,,,,,,,,,,,,,,,,,,,,,,,
James Wood,CPT,NLS,Showdown Captain Mode,Tue Jul 14 2026 01:00:00 GMT-0500 (Central Daylight Time),Showdown Captain Mode 7/14 8:00PM ( @ ),12600,43599652,0,0,0,37.8,,,,,,,,,,,,,,,https://dkn.gs/sports/images/mlb/players/50/582173.png,,,,,,,7/14/2026,,,,,,,,,,,,,,,,,,,,,,,,,,
James Wood,OF,NLS,Showdown Captain Mode,Tue Jul 14 2026 01:00:00 GMT-0500 (Central Daylight Time),Showdown Captain Mode 7/14 8:00PM ( @ ),8400,43599580,0,0,0,25.2,,,,,,,,,,,,,,,https://dkn.gs/sports/images/mlb/players/50/582173.png,,,,,,,7/14/2026,,,,,,,,,,,,,,,,,,,,,,,,,,
CJ Abrams,CPT,NLS,Showdown Captain Mode,Tue Jul 14 2026 01:00:00 GMT-0500 (Central Daylight Time),Showdown Captain Mode 7/14 8:00PM ( @ ),12300,43599653,0,0,0,36.9,,,,,,,,,,,,,,,https://dkn.gs/sports/images/mlb/players/50/459703.png,,,,,,,7/14/2026,,,,,,,,,,,,,,,,,,,,,,,,,,
CJ Abrams,SS,NLS,Showdown Captain Mode,Tue Jul 14 2026 01:00:00 GMT-0500 (Central Daylight Time),Showdown Captain Mode 7/14 8:00PM ( @ ),8200,43599581,0,0,0,24.6,,,,,,,,,,,,,,,https://dkn.gs/sports/images/mlb/players/50/459703.png,,,,,,,7/14/2026,,,,,,,,,,,,,,,,,,,,,,,,,,
Mike Trout,CPT,ALS,Showdown Captain Mode,Tue Jul 14 2026 01:00:00 GMT-0500 (Central Daylight Time),Showdown Captain Mode 7/14 8:00PM ( @ ),12000,43599654,0,0,0,36,,,,,,,,,,,,,,,https://dkn.gs/sports/images/mlb/players/50/32165.png,,,,,,,7/14/2026,,,,,,,,,,,,,,,,,,,,,,,,,,
Mike Trout,OF,ALS,Showdown Captain Mode,Tue Jul 14 2026 01:00:00 GMT-0500 (Central Daylight Time),Showdown Captain Mode 7/14 8:00PM ( @ ),8000,43599582,0,0,0,24,,,,,,,,,,,,,,,https://dkn.gs/sports/images/mlb/players/50/32165.png,,,,,,,7/14/2026,,,,,,,,,,,,,,,,,,,,,,,,,,
Ben Rice,CPT,ALS,Showdown Captain Mode,Tue Jul 14 2026 01:00:00 GMT-0500 (Central Daylight Time),Showdown Captain Mode 7/14 8:00PM ( @ ),11700,43599655,0,0,0,35.1,,,,,,,,,,,,,,,https://dkn.gs/sports/images/mlb/players/50/700964.png,,,,,,,7/14/2026,,,,,,,,,,,,,,,,,,,,,,,,,,
Ben Rice,1B/C,ALS,Showdown Captain Mode,Tue Jul 14 2026 01:00:00 GMT-0500 (Central Daylight Time),Showdown Captain Mode 7/14 8:00PM ( @ ),7800,43599583,0,0,0,23.4,,,,,,,,,,,,,,,https://dkn.gs/sports/images/mlb/players/50/700964.png,,,,,,,7/14/2026,,,,,,,,,,,,,,,,,,,,,,,,,,
Andy Pages,CPT,NLS,Showdown Captain Mode,Tue Jul 14 2026 01:00:00 GMT-0500 (Central Daylight Time),Showdown Captain Mode 7/14 8:00PM ( @ ),11400,43599656,0,0,0,34.2,,,,,,,,,,,,,,,https://dkn.gs/sports/images/mlb/players/50/459808.png,,,,,,,7/14/2026,,,,,,,,,,,,,,,,,,,,,,,,,,
Andy Pages,OF,NLS,Showdown Captain Mode,Tue Jul 14 2026 01:00:00 GMT-0500 (Central Daylight Time),Showdown Captain Mode 7/14 8:00PM ( @ ),7600,43599584,0,0,0,22.8,,,,,,,,,,,,,,,https://dkn.gs/sports/images/mlb/players/50/459808.png,,,,,,,7/14/2026,,,,,,,,,,,,,,,,,,,,,,,,,,
Shea Langeliers,CPT,ALS,Showdown Captain Mode,Tue Jul 14 2026 01:00:00 GMT-0500 (Central Daylight Time),Showdown Captain Mode 7/14 8:00PM ( @ ),11100,43599657,0,0,0,33.3,,,,,,,,,,,,,,,https://dkn.gs/sports/images/mlb/players/50/459720.png,,,,,,,7/14/2026,,,,,,,,,,,,,,,,,,,,,,,,,,
Shea Langeliers,C,ALS,Showdown Captain Mode,Tue Jul 14 2026 01:00:00 GMT-0500 (Central Daylight Time),Showdown Captain Mode 7/14 8:00PM ( @ ),7400,43599585,0,0,0,22.2,,,,,,,,,,,,,,,https://dkn.gs/sports/images/mlb/players/50/459720.png,,,,,,,7/14/2026,,,,,,,,,,,,,,,,,,,,,,,,,,
Miguel Vargas,CPT,ALS,Showdown Captain Mode,Tue Jul 14 2026 01:00:00 GMT-0500 (Central Daylight Time),Showdown Captain Mode 7/14 8:00PM ( @ ),10800,43599658,0,0,0,32.4,,,,,,,,,,,,,,,https://dkn.gs/sports/images/mlb/players/50/459809.png,,,,,,,7/14/2026,,,,,,,,,,,,,,,,,,,,,,,,,,
Miguel Vargas,3B,ALS,Showdown Captain Mode,Tue Jul 14 2026 01:00:00 GMT-0500 (Central Daylight Time),Showdown Captain Mode 7/14 8:00PM ( @ ),7200,43599586,0,0,0,21.6,,,,,,,,,,,,,,,https://dkn.gs/sports/images/mlb/players/50/459809.png,,,,,,,7/14/2026,,,,,,,,,,,,,,,,,,,,,,,,,,
Bryce Harper,CPT,NLS,Showdown Captain Mode,Tue Jul 14 2026 01:00:00 GMT-0500 (Central Daylight Time),Showdown Captain Mode 7/14 8:00PM ( @ ),10500,43599659,0,0,0,31.5,,,,,,,,,,,,,,,https://dkn.gs/sports/images/mlb/players/50/31937.png,,,,,,,7/14/2026,,,,,,,,,,,,,,,,,,,,,,,,,,
Bryce Harper,1B,NLS,Showdown Captain Mode,Tue Jul 14 2026 01:00:00 GMT-0500 (Central Daylight Time),Showdown Captain Mode 7/14 8:00PM ( @ ),7000,43599587,0,0,0,21,,,,,,,,,,,,,,,https://dkn.gs/sports/images/mlb/players/50/31937.png,,,,,,,7/14/2026,,,,,,,,,,,,,,,,,,,,,,,,,,
Cody Bellinger,CPT,ALS,Showdown Captain Mode,Tue Jul 14 2026 01:00:00 GMT-0500 (Central Daylight Time),Showdown Captain Mode 7/14 8:00PM ( @ ),9900,43599661,0,0,0,29.7,,,,,,,,,,,,,,,https://dkn.gs/sports/images/mlb/players/50/32714.png,,,,,,,7/14/2026,,,,,,,,,,,,,,,,,,,,,,,,,,
Cody Bellinger,OF,ALS,Showdown Captain Mode,Tue Jul 14 2026 01:00:00 GMT-0500 (Central Daylight Time),Showdown Captain Mode 7/14 8:00PM ( @ ),6600,43599589,0,0,0,19.8,,,,,,,,,,,,,,,https://dkn.gs/sports/images/mlb/players/50/32714.png,,,,,,,7/14/2026,,,,,,,,,,,,,,,,,,,,,,,,,,
Willson Contreras,CPT,ALS,Showdown Captain Mode,Tue Jul 14 2026 01:00:00 GMT-0500 (Central Daylight Time),Showdown Captain Mode 7/14 8:00PM ( @ ),9600,43599662,0,0,0,28.8,,,,,,,,,,,,,,,https://dkn.gs/sports/images/mlb/players/50/32385.png,,,,,,,7/14/2026,,,,,,,,,,,,,,,,,,,,,,,,,,
Willson Contreras,1B/C,ALS,Showdown Captain Mode,Tue Jul 14 2026 01:00:00 GMT-0500 (Central Daylight Time),Showdown Captain Mode 7/14 8:00PM ( @ ),6400,43599590,0,0,0,19.2,,,,,,,,,,,,,,,https://dkn.gs/sports/images/mlb/players/50/32385.png,,,,,,,7/14/2026,,,,,,,,,,,,,,,,,,,,,,,,,,
Yandy Diaz,CPT,ALS,Showdown Captain Mode,Tue Jul 14 2026 01:00:00 GMT-0500 (Central Daylight Time),Showdown Captain Mode 7/14 8:00PM ( @ ),9300,43599663,0,0,0,27.9,,,,,,,,,,,,,,,https://dkn.gs/sports/images/mlb/players/50/31708.png,,,,,,,7/14/2026,,,,,,,,,,,,,,,,,,,,,,,,,,
Yandy Diaz,1B/3B,ALS,Showdown Captain Mode,Tue Jul 14 2026 01:00:00 GMT-0500 (Central Daylight Time),Showdown Captain Mode 7/14 8:00PM ( @ ),6200,43599591,0,0,0,18.6,,,,,,,,,,,,,,,https://dkn.gs/sports/images/mlb/players/50/31708.png,,,,,,,7/14/2026,,,,,,,,,,,,,,,,,,,,,,,,,,
Jacob Misiorowski,CPT,NLS,Showdown Captain Mode,Tue Jul 14 2026 01:00:00 GMT-0500 (Central Daylight Time),Showdown Captain Mode 7/14 8:00PM ( @ ),9300,43599664,0,0,0,27.9,,,,,,,,,,,,,,,https://dkn.gs/sports/images/mlb/players/50/658796.png,,,,,,,7/14/2026,,,,,,,,,,,,,,,,,,,,,,,,,,
Jacob Misiorowski,SP,NLS,Showdown Captain Mode,Tue Jul 14 2026 01:00:00 GMT-0500 (Central Daylight Time),Showdown Captain Mode 7/14 8:00PM ( @ ),6200,43599592,0,0,0,18.6,,,,,,,,,,,,,,,https://dkn.gs/sports/images/mlb/players/50/658796.png,,,,,,,7/14/2026,,,,,,,,,,,,,,,,,,,,,,,,,,
Drake Baldwin,CPT,NLS,Showdown Captain Mode,Tue Jul 14 2026 01:00:00 GMT-0500 (Central Daylight Time),Showdown Captain Mode 7/14 8:00PM ( @ ),9000,43599665,0,0,0,27,,,,,,,,,,,,,,,https://dkn.gs/sports/images/mlb/players/50/686715.png,,,,,,,7/14/2026,,,,,,,,,,,,,,,,,,,,,,,,,,
Drake Baldwin,C,NLS,Showdown Captain Mode,Tue Jul 14 2026 01:00:00 GMT-0500 (Central Daylight Time),Showdown Captain Mode 7/14 8:00PM ( @ ),6000,43599593,0,0,0,18,,,,,,,,,,,,,,,https://dkn.gs/sports/images/mlb/players/50/686715.png,,,,,,,7/14/2026,,,,,,,,,,,,,,,,,,,,,,,,,,
Cristopher Sanchez,CPT,NLS,Showdown Captain Mode,Tue Jul 14 2026 01:00:00 GMT-0500 (Central Daylight Time),Showdown Captain Mode 7/14 8:00PM ( @ ),9000,43599666,0,0,0,27,,,,,,,,,,,,,,,https://dkn.gs/sports/images/mlb/players/50/457325.png,,,,,,,7/14/2026,,,,,,,,,,,,,,,,,,,,,,,,,,
Cristopher Sanchez,SP,NLS,Showdown Captain Mode,Tue Jul 14 2026 01:00:00 GMT-0500 (Central Daylight Time),Showdown Captain Mode 7/14 8:00PM ( @ ),6000,43599594,0,0,0,18,,,,,,,,,,,,,,,https://dkn.gs/sports/images/mlb/players/50/457325.png,,,,,,,7/14/2026,,,,,,,,,,,,,,,,,,,,,,,,,,
Jordan Walker,CPT,NLS,Showdown Captain Mode,Tue Jul 14 2026 01:00:00 GMT-0500 (Central Daylight Time),Showdown Captain Mode 7/14 8:00PM ( @ ),8700,43599667,0,0,0,26.1,,,,,,,,,,,,,,,https://dkn.gs/sports/images/mlb/players/50/494691.png,,,,,,,7/14/2026,,,,,,,,,,,,,,,,,,,,,,,,,,
Jordan Walker,OF,NLS,Showdown Captain Mode,Tue Jul 14 2026 01:00:00 GMT-0500 (Central Daylight Time),Showdown Captain Mode 7/14 8:00PM ( @ ),5800,43599595,0,0,0,17.4,,,,,,,,,,,,,,,https://dkn.gs/sports/images/mlb/players/50/494691.png,,,,,,,7/14/2026,,,,,,,,,,,,,,,,,,,,,,,,,,
Cam Schlittler,CPT,ALS,Showdown Captain Mode,Tue Jul 14 2026 01:00:00 GMT-0500 (Central Daylight Time),Showdown Captain Mode 7/14 8:00PM ( @ ),8700,43599668,0,0,0,26.1,,,,,,,,,,,,,,,https://dkn.gs/sports/images/mlb/players/50/873630.png,,,,,,,7/14/2026,,,,,,,,,,,,,,,,,,,,,,,,,,
Cam Schlittler,SP,ALS,Showdown Captain Mode,Tue Jul 14 2026 01:00:00 GMT-0500 (Central Daylight Time),Showdown Captain Mode 7/14 8:00PM ( @ ),5800,43599596,0,0,0,17.4,,,,,,,,,,,,,,,https://dkn.gs/sports/images/mlb/players/50/873630.png,,,,,,,7/14/2026,,,,,,,,,,,,,,,,,,,,,,,,,,
Brandon Marsh,CPT,NLS,Showdown Captain Mode,Tue Jul 14 2026 01:00:00 GMT-0500 (Central Daylight Time),Showdown Captain Mode 7/14 8:00PM ( @ ),8400,43599669,0,0,0,25.2,,,,,,,,,,,,,,,https://dkn.gs/sports/images/mlb/players/50/110593.png,,,,,,,7/14/2026,,,,,,,,,,,,,,,,,,,,,,,,,,
Brandon Marsh,OF,NLS,Showdown Captain Mode,Tue Jul 14 2026 01:00:00 GMT-0500 (Central Daylight Time),Showdown Captain Mode 7/14 8:00PM ( @ ),5600,43599597,0,0,0,16.8,,,,,,,,,,,,,,,https://dkn.gs/sports/images/mlb/players/50/110593.png,,,,,,,7/14/2026,,,,,,,,,,,,,,,,,,,,,,,,,,
Dylan Cease,CPT,ALS,Showdown Captain Mode,Tue Jul 14 2026 01:00:00 GMT-0500 (Central Daylight Time),Showdown Captain Mode 7/14 8:00PM ( @ ),8400,43599670,0,0,0,25.2,,,,,,,,,,,,,,,https://dkn.gs/sports/images/mlb/players/50/31633.png,,,,,,,7/14/2026,,,,,,,,,,,,,,,,,,,,,,,,,,
Dylan Cease,SP,ALS,Showdown Captain Mode,Tue Jul 14 2026 01:00:00 GMT-0500 (Central Daylight Time),Showdown Captain Mode 7/14 8:00PM ( @ ),5600,43599598,0,0,0,16.8,,,,,,,,,,,,,,,https://dkn.gs/sports/images/mlb/players/50/31633.png,,,,,,,7/14/2026,,,,,,,,,,,,,,,,,,,,,,,,,,
Paul Skenes,CPT,NLS,Showdown Captain Mode,Tue Jul 14 2026 01:00:00 GMT-0500 (Central Daylight Time),Showdown Captain Mode 7/14 8:00PM ( @ ),8100,43599671,0,0,0,24.3,,,,,,,,,,,,,,,https://dkn.gs/sports/images/mlb/players/50/721261.png,,,,,,,7/14/2026,,,,,,,,,,,,,,,,,,,,,,,,,,
Paul Skenes,SP,NLS,Showdown Captain Mode,Tue Jul 14 2026 01:00:00 GMT-0500 (Central Daylight Time),Showdown Captain Mode 7/14 8:00PM ( @ ),5400,43599599,0,0,0,16.2,,,,,,,,,,,,,,,https://dkn.gs/sports/images/mlb/players/50/721261.png,,,,,,,7/14/2026,,,,,,,,,,,,,,,,,,,,,,,,,,
Ozzie Albies,CPT,NLS,Showdown Captain Mode,Tue Jul 14 2026 01:00:00 GMT-0500 (Central Daylight Time),Showdown Captain Mode 7/14 8:00PM ( @ ),8100,43599672,0,0,0,24.3,,,,,,,,,,,,,,,https://dkn.gs/sports/images/mlb/players/50/32255.png,,,,,,,7/14/2026,,,,,,,,,,,,,,,,,,,,,,,,,,
Ozzie Albies,2B,NLS,Showdown Captain Mode,Tue Jul 14 2026 01:00:00 GMT-0500 (Central Daylight Time),Showdown Captain Mode 7/14 8:00PM ( @ ),5400,43599600,0,0,0,16.2,,,,,,,,,,,,,,,https://dkn.gs/sports/images/mlb/players/50/32255.png,,,,,,,7/14/2026,,,,,,,,,,,,,,,,,,,,,,,,,,
Dillon Dingler,CPT,ALS,Showdown Captain Mode,Tue Jul 14 2026 01:00:00 GMT-0500 (Central Daylight Time),Showdown Captain Mode 7/14 8:00PM ( @ ),7800,43599673,0,0,0,23.4,,,,,,,,,,,,,,,https://dkn.gs/sports/images/mlb/players/50/495656.png,,,,,,,7/14/2026,,,,,,,,,,,,,,,,,,,,,,,,,,
Dillon Dingler,C,ALS,Showdown Captain Mode,Tue Jul 14 2026 01:00:00 GMT-0500 (Central Daylight Time),Showdown Captain Mode 7/14 8:00PM ( @ ),5200,43599601,0,0,0,15.6,,,,,,,,,,,,,,,https://dkn.gs/sports/images/mlb/players/50/495656.png,,,,,,,7/14/2026,,,,,,,,,,,,,,,,,,,,,,,,,,
Yoshinobu Yamamoto,CPT,NLS,Showdown Captain Mode,Tue Jul 14 2026 01:00:00 GMT-0500 (Central Daylight Time),Showdown Captain Mode 7/14 8:00PM ( @ ),7800,43599674,0,0,0,23.4,,,,,,,,,,,,,,,https://dkn.gs/sports/images/mlb/players/50/495129.png,,,,,,,7/14/2026,,,,,,,,,,,,,,,,,,,,,,,,,,
Yoshinobu Yamamoto,SP,NLS,Showdown Captain Mode,Tue Jul 14 2026 01:00:00 GMT-0500 (Central Daylight Time),Showdown Captain Mode 7/14 8:00PM ( @ ),5200,43599602,0,0,0,15.6,,,,,,,,,,,,,,,https://dkn.gs/sports/images/mlb/players/50/495129.png,,,,,,,7/14/2026,,,,,,,,,,,,,,,,,,,,,,,,,,
Chris Sale,CPT,NLS,Showdown Captain Mode,Tue Jul 14 2026 01:00:00 GMT-0500 (Central Daylight Time),Showdown Captain Mode 7/14 8:00PM ( @ ),7800,43599675,0,0,0,23.4,,,,,,,,,,,,,,,https://dkn.gs/sports/images/mlb/players/50/31461.png,,,,,,,7/14/2026,,,,,,,,,,,,,,,,,,,,,,,,,,
Chris Sale,SP,NLS,Showdown Captain Mode,Tue Jul 14 2026 01:00:00 GMT-0500 (Central Daylight Time),Showdown Captain Mode 7/14 8:00PM ( @ ),5200,43599603,0,0,0,15.6,,,,,,,,,,,,,,,https://dkn.gs/sports/images/mlb/players/50/31461.png,,,,,,,7/14/2026,,,,,,,,,,,,,,,,,,,,,,,,,,
Matt Olson,CPT,NLS,Showdown Captain Mode,Tue Jul 14 2026 01:00:00 GMT-0500 (Central Daylight Time),Showdown Captain Mode 7/14 8:00PM ( @ ),7500,43599676,0,0,0,22.5,,,,,,,,,,,,,,,https://dkn.gs/sports/images/mlb/players/50/32624.png,,,,,,,7/14/2026,,,,,,,,,,,,,,,,,,,,,,,,,,
Matt Olson,1B,NLS,Showdown Captain Mode,Tue Jul 14 2026 01:00:00 GMT-0500 (Central Daylight Time),Showdown Captain Mode 7/14 8:00PM ( @ ),5000,43599604,0,0,0,15,,,,,,,,,,,,,,,https://dkn.gs/sports/images/mlb/players/50/32624.png,,,,,,,7/14/2026,,,,,,,,,,,,,,,,,,,,,,,,,,
Ranger Suarez,CPT,ALS,Showdown Captain Mode,Tue Jul 14 2026 01:00:00 GMT-0500 (Central Daylight Time),Showdown Captain Mode 7/14 8:00PM ( @ ),7500,43599677,0,0,0,22.5,,,,,,,,,,,,,,,https://dkn.gs/sports/images/mlb/players/50/32100.png,,,,,,,7/14/2026,,,,,,,,,,,,,,,,,,,,,,,,,,
Ranger Suarez,SP,ALS,Showdown Captain Mode,Tue Jul 14 2026 01:00:00 GMT-0500 (Central Daylight Time),Showdown Captain Mode 7/14 8:00PM ( @ ),5000,43599605,0,0,0,15,,,,,,,,,,,,,,,https://dkn.gs/sports/images/mlb/players/50/32100.png,,,,,,,7/14/2026,,,,,,,,,,,,,,,,,,,,,,,,,,
Riley Greene,CPT,ALS,Showdown Captain Mode,Tue Jul 14 2026 01:00:00 GMT-0500 (Central Daylight Time),Showdown Captain Mode 7/14 8:00PM ( @ ),7500,43599678,0,0,0,22.5,,,,,,,,,,,,,,,https://dkn.gs/sports/images/mlb/players/50/459786.png,,,,,,,7/14/2026,,,,,,,,,,,,,,,,,,,,,,,,,,
Riley Greene,OF,ALS,Showdown Captain Mode,Tue Jul 14 2026 01:00:00 GMT-0500 (Central Daylight Time),Showdown Captain Mode 7/14 8:00PM ( @ ),5000,43599606,0,0,0,15,,,,,,,,,,,,,,,https://dkn.gs/sports/images/mlb/players/50/459786.png,,,,,,,7/14/2026,,,,,,,,,,,,,,,,,,,,,,,,,,
Chase Burns,CPT,NLS,Showdown Captain Mode,Tue Jul 14 2026 01:00:00 GMT-0500 (Central Daylight Time),Showdown Captain Mode 7/14 8:00PM ( @ ),7500,43599679,0,0,0,22.5,,,,,,,,,,,,,,,https://dkn.gs/sports/images/mlb/players/50/804441.png,,,,,,,7/14/2026,,,,,,,,,,,,,,,,,,,,,,,,,,
Chase Burns,SP,NLS,Showdown Captain Mode,Tue Jul 14 2026 01:00:00 GMT-0500 (Central Daylight Time),Showdown Captain Mode 7/14 8:00PM ( @ ),5000,43599607,0,0,0,15,,,,,,,,,,,,,,,https://dkn.gs/sports/images/mlb/players/50/804441.png,,,,,,,7/14/2026,,,,,,,,,,,,,,,,,,,,,,,,,,
Drew Rasmussen,CPT,ALS,Showdown Captain Mode,Tue Jul 14 2026 01:00:00 GMT-0500 (Central Daylight Time),Showdown Captain Mode 7/14 8:00PM ( @ ),7200,43599681,0,0,0,21.6,,,,,,,,,,,,,,,https://dkn.gs/sports/images/mlb/players/50/459822.png,,,,,,,7/14/2026,,,,,,,,,,,,,,,,,,,,,,,,,,
Drew Rasmussen,SP,ALS,Showdown Captain Mode,Tue Jul 14 2026 01:00:00 GMT-0500 (Central Daylight Time),Showdown Captain Mode 7/14 8:00PM ( @ ),4800,43599609,0,0,0,14.4,,,,,,,,,,,,,,,https://dkn.gs/sports/images/mlb/players/50/459822.png,,,,,,,7/14/2026,,,,,,,,,,,,,,,,,,,,,,,,,,
Parker Messick,CPT,ALS,Showdown Captain Mode,Tue Jul 14 2026 01:00:00 GMT-0500 (Central Daylight Time),Showdown Captain Mode 7/14 8:00PM ( @ ),7200,43599682,0,0,0,21.6,,,,,,,,,,,,,,,https://dkn.gs/sports/images/mlb/players/50/678687.png,,,,,,,7/14/2026,,,,,,,,,,,,,,,,,,,,,,,,,,
Parker Messick,SP,ALS,Showdown Captain Mode,Tue Jul 14 2026 01:00:00 GMT-0500 (Central Daylight Time),Showdown Captain Mode 7/14 8:00PM ( @ ),4800,43599610,0,0,0,14.4,,,,,,,,,,,,,,,https://dkn.gs/sports/images/mlb/players/50/678687.png,,,,,,,7/14/2026,,,,,,,,,,,,,,,,,,,,,,,,,,
Joe Ryan,CPT,ALS,Showdown Captain Mode,Tue Jul 14 2026 01:00:00 GMT-0500 (Central Daylight Time),Showdown Captain Mode 7/14 8:00PM ( @ ),7200,43599683,0,0,0,21.6,,,,,,,,,,,,,,,https://dkn.gs/sports/images/mlb/players/50/459915.png,,,,,,,7/14/2026,,,,,,,,,,,,,,,,,,,,,,,,,,
Joe Ryan,SP,ALS,Showdown Captain Mode,Tue Jul 14 2026 01:00:00 GMT-0500 (Central Daylight Time),Showdown Captain Mode 7/14 8:00PM ( @ ),4800,43599611,0,0,0,14.4,,,,,,,,,,,,,,,https://dkn.gs/sports/images/mlb/players/50/459915.png,,,,,,,7/14/2026,,,,,,,,,,,,,,,,,,,,,,,,,,
Justin Wrobleski,CPT,NLS,Showdown Captain Mode,Tue Jul 14 2026 01:00:00 GMT-0500 (Central Daylight Time),Showdown Captain Mode 7/14 8:00PM ( @ ),6900,43599684,0,0,0,20.7,,,,,,,,,,,,,,,https://dkn.gs/sports/images/mlb/players/50/721239.png,,,,,,,7/14/2026,,,,,,,,,,,,,,,,,,,,,,,,,,
Justin Wrobleski,SP,NLS,Showdown Captain Mode,Tue Jul 14 2026 01:00:00 GMT-0500 (Central Daylight Time),Showdown Captain Mode 7/14 8:00PM ( @ ),4600,43599612,0,0,0,13.8,,,,,,,,,,,,,,,https://dkn.gs/sports/images/mlb/players/50/721239.png,,,,,,,7/14/2026,,,,,,,,,,,,,,,,,,,,,,,,,,
Jesus Luzardo,CPT,NLS,Showdown Captain Mode,Tue Jul 14 2026 01:00:00 GMT-0500 (Central Daylight Time),Showdown Captain Mode 7/14 8:00PM ( @ ),6900,43599685,0,0,0,20.7,,,,,,,,,,,,,,,https://dkn.gs/sports/images/mlb/players/50/31475.png,,,,,,,7/14/2026,,,,,,,,,,,,,,,,,,,,,,,,,,
Jesus Luzardo,SP,NLS,Showdown Captain Mode,Tue Jul 14 2026 01:00:00 GMT-0500 (Central Daylight Time),Showdown Captain Mode 7/14 8:00PM ( @ ),4600,43599613,0,0,0,13.8,,,,,,,,,,,,,,,https://dkn.gs/sports/images/mlb/players/50/31475.png,,,,,,,7/14/2026,,,,,,,,,,,,,,,,,,,,,,,,,,
Max Meyer,CPT,NLS,Showdown Captain Mode,Tue Jul 14 2026 01:00:00 GMT-0500 (Central Daylight Time),Showdown Captain Mode 7/14 8:00PM ( @ ),6900,43599686,0,0,0,20.7,,,,,,,,,,,,,,,https://dkn.gs/sports/images/mlb/players/50/494649.png,,,,,,,7/14/2026,,,,,,,,,,,,,,,,,,,,,,,,,,
Max Meyer,SP,NLS,Showdown Captain Mode,Tue Jul 14 2026 01:00:00 GMT-0500 (Central Daylight Time),Showdown Captain Mode 7/14 8:00PM ( @ ),4600,43599614,0,0,0,13.8,,,,,,,,,,,,,,,https://dkn.gs/sports/images/mlb/players/50/494649.png,,,,,,,7/14/2026,,,,,,,,,,,,,,,,,,,,,,,,,,
Randy Arozarena,CPT,ALS,Showdown Captain Mode,Tue Jul 14 2026 01:00:00 GMT-0500 (Central Daylight Time),Showdown Captain Mode 7/14 8:00PM ( @ ),6900,43599687,0,0,0,20.7,,,,,,,,,,,,,,,https://dkn.gs/sports/images/mlb/players/50/32441.png,,,,,,,7/14/2026,,,,,,,,,,,,,,,,,,,,,,,,,,
Randy Arozarena,OF,ALS,Showdown Captain Mode,Tue Jul 14 2026 01:00:00 GMT-0500 (Central Daylight Time),Showdown Captain Mode 7/14 8:00PM ( @ ),4600,43599615,0,0,0,13.8,,,,,,,,,,,,,,,https://dkn.gs/sports/images/mlb/players/50/32441.png,,,,,,,7/14/2026,,,,,,,,,,,,,,,,,,,,,,,,,,
Braxton Ashcraft,CPT,NLS,Showdown Captain Mode,Tue Jul 14 2026 01:00:00 GMT-0500 (Central Daylight Time),Showdown Captain Mode 7/14 8:00PM ( @ ),6600,43599688,0,0,0,19.8,,,,,,,,,,,,,,,https://dkn.gs/sports/images/mlb/players/50/112222.png,,,,,,,7/14/2026,,,,,,,,,,,,,,,,,,,,,,,,,,
Braxton Ashcraft,SP,NLS,Showdown Captain Mode,Tue Jul 14 2026 01:00:00 GMT-0500 (Central Daylight Time),Showdown Captain Mode 7/14 8:00PM ( @ ),4400,43599616,0,0,0,13.2,,,,,,,,,,,,,,,https://dkn.gs/sports/images/mlb/players/50/112222.png,,,,,,,7/14/2026,,,,,,,,,,,,,,,,,,,,,,,,,,
Logan Webb,CPT,NLS,Showdown Captain Mode,Tue Jul 14 2026 01:00:00 GMT-0500 (Central Daylight Time),Showdown Captain Mode 7/14 8:00PM ( @ ),6600,43599689,0,0,0,19.8,,,,,,,,,,,,,,,https://dkn.gs/sports/images/mlb/players/50/32764.png,,,,,,,7/14/2026,,,,,,,,,,,,,,,,,,,,,,,,,,
Logan Webb,SP,NLS,Showdown Captain Mode,Tue Jul 14 2026 01:00:00 GMT-0500 (Central Daylight Time),Showdown Captain Mode 7/14 8:00PM ( @ ),4400,43599617,0,0,0,13.2,,,,,,,,,,,,,,,https://dkn.gs/sports/images/mlb/players/50/32764.png,,,,,,,7/14/2026,,,,,,,,,,,,,,,,,,,,,,,,,,
Foster Griffin,CPT,NLS,Showdown Captain Mode,Tue Jul 14 2026 01:00:00 GMT-0500 (Central Daylight Time),Showdown Captain Mode 7/14 8:00PM ( @ ),6600,43599690,0,0,0,19.8,,,,,,,,,,,,,,,https://dkn.gs/sports/images/mlb/players/50/110892.png,,,,,,,7/14/2026,,,,,,,,,,,,,,,,,,,,,,,,,,
Foster Griffin,SP,NLS,Showdown Captain Mode,Tue Jul 14 2026 01:00:00 GMT-0500 (Central Daylight Time),Showdown Captain Mode 7/14 8:00PM ( @ ),4400,43599618,0,0,0,13.2,,,,,,,,,,,,,,,https://dkn.gs/sports/images/mlb/players/50/110892.png,,,,,,,7/14/2026,,,,,,,,,,,,,,,,,,,,,,,,,,
Munetaka Murakami,CPT,ALS,Showdown Captain Mode,Tue Jul 14 2026 01:00:00 GMT-0500 (Central Daylight Time),Showdown Captain Mode 7/14 8:00PM ( @ ),6300,43599692,0,0,0,18.9,,,,,,,,,,,,,,,https://dkn.gs/sports/images/mlb/players/50/494995.png,,,,,,,7/14/2026,,,,,,,,,,,,,,,,,,,,,,,,,,
Munetaka Murakami,3B,ALS,Showdown Captain Mode,Tue Jul 14 2026 01:00:00 GMT-0500 (Central Daylight Time),Showdown Captain Mode 7/14 8:00PM ( @ ),4200,43599620,0,0,0,12.6,,,,,,,,,,,,,,,https://dkn.gs/sports/images/mlb/players/50/494995.png,,,,,,,7/14/2026,,,,,,,,,,,,,,,,,,,,,,,,,,
Michael Wacha,CPT,ALS,Showdown Captain Mode,Tue Jul 14 2026 01:00:00 GMT-0500 (Central Daylight Time),Showdown Captain Mode 7/14 8:00PM ( @ ),6300,43599693,0,0,0,18.9,,,,,,,,,,,,,,,https://dkn.gs/sports/images/mlb/players/50/32344.png,,,,,,,7/14/2026,,,,,,,,,,,,,,,,,,,,,,,,,,
Michael Wacha,SP,ALS,Showdown Captain Mode,Tue Jul 14 2026 01:00:00 GMT-0500 (Central Daylight Time),Showdown Captain Mode 7/14 8:00PM ( @ ),4200,43599621,0,0,0,12.6,,,,,,,,,,,,,,,https://dkn.gs/sports/images/mlb/players/50/32344.png,,,,,,,7/14/2026,,,,,,,,,,,,,,,,,,,,,,,,,,
Eduardo Rodriguez,CPT,NLS,Showdown Captain Mode,Tue Jul 14 2026 01:00:00 GMT-0500 (Central Daylight Time),Showdown Captain Mode 7/14 8:00PM ( @ ),6300,43599694,0,0,0,18.9,,,,,,,,,,,,,,,https://dkn.gs/sports/images/mlb/players/50/31498.png,,,,,,,7/14/2026,,,,,,,,,,,,,,,,,,,,,,,,,,
Eduardo Rodriguez,SP,NLS,Showdown Captain Mode,Tue Jul 14 2026 01:00:00 GMT-0500 (Central Daylight Time),Showdown Captain Mode 7/14 8:00PM ( @ ),4200,43599622,0,0,0,12.6,,,,,,,,,,,,,,,https://dkn.gs/sports/images/mlb/players/50/31498.png,,,,,,,7/14/2026,,,,,,,,,,,,,,,,,,,,,,,,,,
Nick Martinez,CPT,ALS,Showdown Captain Mode,Tue Jul 14 2026 01:00:00 GMT-0500 (Central Daylight Time),Showdown Captain Mode 7/14 8:00PM ( @ ),6300,43599695,0,0,0,18.9,,,,,,,,,,,,,,,https://dkn.gs/sports/images/mlb/players/50/111340.png,,,,,,,7/14/2026,,,,,,,,,,,,,,,,,,,,,,,,,,
Nick Martinez,SP,ALS,Showdown Captain Mode,Tue Jul 14 2026 01:00:00 GMT-0500 (Central Daylight Time),Showdown Captain Mode 7/14 8:00PM ( @ ),4200,43599623,0,0,0,12.6,,,,,,,,,,,,,,,https://dkn.gs/sports/images/mlb/players/50/111340.png,,,,,,,7/14/2026,,,,,,,,,,,,,,,,,,,,,,,,,,
Jacob Latz,CPT,ALS,Showdown Captain Mode,Tue Jul 14 2026 01:00:00 GMT-0500 (Central Daylight Time),Showdown Captain Mode 7/14 8:00PM ( @ ),6000,43599696,0,0,0,18,,,,,,,,,,,,,,,https://dkn.gs/sports/images/mlb/players/50/552713.png,,,,,,,7/14/2026,,,,,,,,,,,,,,,,,,,,,,,,,,
Jacob Latz,RP,ALS,Showdown Captain Mode,Tue Jul 14 2026 01:00:00 GMT-0500 (Central Daylight Time),Showdown Captain Mode 7/14 8:00PM ( @ ),4000,43599624,0,0,0,12,,,,,,,,,,,,,,,https://dkn.gs/sports/images/mlb/players/50/552713.png,,,,,,,7/14/2026,,,,,,,,,,,,,,,,,,,,,,,,,,
Justin Verlander,CPT,ALS,Showdown Captain Mode,Tue Jul 14 2026 01:00:00 GMT-0500 (Central Daylight Time),Showdown Captain Mode 7/14 8:00PM ( @ ),6000,43599697,0,0,0,18,,,,,,,,,,,,,,,https://dkn.gs/sports/images/mlb/players/50/31942.png,,,,,,,7/14/2026,,,,,,,,,,,,,,,,,,,,,,,,,,
Justin Verlander,SP,ALS,Showdown Captain Mode,Tue Jul 14 2026 01:00:00 GMT-0500 (Central Daylight Time),Showdown Captain Mode 7/14 8:00PM ( @ ),4000,43599625,0,0,0,12,,,,,,,,,,,,,,,https://dkn.gs/sports/images/mlb/players/50/31942.png,,,,,,,7/14/2026,,,,,,,,,,,,,,,,,,,,,,,,,,
Louis Varland,CPT,ALS,Showdown Captain Mode,Tue Jul 14 2026 01:00:00 GMT-0500 (Central Daylight Time),Showdown Captain Mode 7/14 8:00PM ( @ ),6000,43599698,0,0,0,18,,,,,,,,,,,,,,,https://dkn.gs/sports/images/mlb/players/50/595131.png,,,,,,,7/14/2026,,,,,,,,,,,,,,,,,,,,,,,,,,
Louis Varland,RP,ALS,Showdown Captain Mode,Tue Jul 14 2026 01:00:00 GMT-0500 (Central Daylight Time),Showdown Captain Mode 7/14 8:00PM ( @ ),4000,43599626,0,0,0,12,,,,,,,,,,,,,,,https://dkn.gs/sports/images/mlb/players/50/595131.png,,,,,,,7/14/2026,,,,,,,,,,,,,,,,,,,,,,,,,,
Bryan Baker,CPT,ALS,Showdown Captain Mode,Tue Jul 14 2026 01:00:00 GMT-0500 (Central Daylight Time),Showdown Captain Mode 7/14 8:00PM ( @ ),6000,43599699,0,0,0,18,,,,,,,,,,,,,,,https://dkn.gs/sports/images/mlb/players/50/476567.png,,,,,,,7/14/2026,,,,,,,,,,,,,,,,,,,,,,,,,,
Bryan Baker,RP,ALS,Showdown Captain Mode,Tue Jul 14 2026 01:00:00 GMT-0500 (Central Daylight Time),Showdown Captain Mode 7/14 8:00PM ( @ ),4000,43599627,0,0,0,12,,,,,,,,,,,,,,,https://dkn.gs/sports/images/mlb/players/50/476567.png,,,,,,,7/14/2026,,,,,,,,,,,,,,,,,,,,,,,,,,
Aroldis Chapman,CPT,ALS,Showdown Captain Mode,Tue Jul 14 2026 01:00:00 GMT-0500 (Central Daylight Time),Showdown Captain Mode 7/14 8:00PM ( @ ),6000,43599700,0,0,0,18,,,,,,,,,,,,,,,https://dkn.gs/sports/images/mlb/players/50/32453.png,,,,,,,7/14/2026,,,,,,,,,,,,,,,,,,,,,,,,,,
Aroldis Chapman,RP,ALS,Showdown Captain Mode,Tue Jul 14 2026 01:00:00 GMT-0500 (Central Daylight Time),Showdown Captain Mode 7/14 8:00PM ( @ ),4000,43599628,0,0,0,12,,,,,,,,,,,,,,,https://dkn.gs/sports/images/mlb/players/50/32453.png,,,,,,,7/14/2026,,,,,,,,,,,,,,,,,,,,,,,,,,
Cade Smith,CPT,ALS,Showdown Captain Mode,Tue Jul 14 2026 01:00:00 GMT-0500 (Central Daylight Time),Showdown Captain Mode 7/14 8:00PM ( @ ),6000,43599701,0,0,0,18,,,,,,,,,,,,,,,https://dkn.gs/sports/images/mlb/players/50/635357.png,,,,,,,7/14/2026,,,,,,,,,,,,,,,,,,,,,,,,,,
Cade Smith,RP,ALS,Showdown Captain Mode,Tue Jul 14 2026 01:00:00 GMT-0500 (Central Daylight Time),Showdown Captain Mode 7/14 8:00PM ( @ ),4000,43599629,0,0,0,12,,,,,,,,,,,,,,,https://dkn.gs/sports/images/mlb/players/50/635357.png,,,,,,,7/14/2026,,,,,,,,,,,,,,,,,,,,,,,,,,
Jhoan Duran,CPT,NLS,Showdown Captain Mode,Tue Jul 14 2026 01:00:00 GMT-0500 (Central Daylight Time),Showdown Captain Mode 7/14 8:00PM ( @ ),6000,43599702,0,0,0,18,,,,,,,,,,,,,,,https://dkn.gs/sports/images/mlb/players/50/111034.png,,,,,,,7/14/2026,,,,,,,,,,,,,,,,,,,,,,,,,,
Jhoan Duran,RP,NLS,Showdown Captain Mode,Tue Jul 14 2026 01:00:00 GMT-0500 (Central Daylight Time),Showdown Captain Mode 7/14 8:00PM ( @ ),4000,43599630,0,0,0,12,,,,,,,,,,,,,,,https://dkn.gs/sports/images/mlb/players/50/111034.png,,,,,,,7/14/2026,,,,,,,,,,,,,,,,,,,,,,,,,,
Raisel Iglesias,CPT,NLS,Showdown Captain Mode,Tue Jul 14 2026 01:00:00 GMT-0500 (Central Daylight Time),Showdown Captain Mode 7/14 8:00PM ( @ ),6000,43599703,0,0,0,18,,,,,,,,,,,,,,,https://dkn.gs/sports/images/mlb/players/50/32463.png,,,,,,,7/14/2026,,,,,,,,,,,,,,,,,,,,,,,,,,
Raisel Iglesias,RP,NLS,Showdown Captain Mode,Tue Jul 14 2026 01:00:00 GMT-0500 (Central Daylight Time),Showdown Captain Mode 7/14 8:00PM ( @ ),4000,43599631,0,0,0,12,,,,,,,,,,,,,,,https://dkn.gs/sports/images/mlb/players/50/32463.png,,,,,,,7/14/2026,,,,,,,,,,,,,,,,,,,,,,,,,,
Mason Miller,CPT,NLS,Showdown Captain Mode,Tue Jul 14 2026 01:00:00 GMT-0500 (Central Daylight Time),Showdown Captain Mode 7/14 8:00PM ( @ ),6000,43599704,0,0,0,18,,,,,,,,,,,,,,,https://dkn.gs/sports/images/mlb/players/50/582191.png,,,,,,,7/14/2026,,,,,,,,,,,,,,,,,,,,,,,,,,
Mason Miller,RP,NLS,Showdown Captain Mode,Tue Jul 14 2026 01:00:00 GMT-0500 (Central Daylight Time),Showdown Captain Mode 7/14 8:00PM ( @ ),4000,43599632,0,0,0,12,,,,,,,,,,,,,,,https://dkn.gs/sports/images/mlb/players/50/582191.png,,,,,,,7/14/2026,,,,,,,,,,,,,,,,,,,,,,,,,,
Riley O'Brien,CPT,NLS,Showdown Captain Mode,Tue Jul 14 2026 01:00:00 GMT-0500 (Central Daylight Time),Showdown Captain Mode 7/14 8:00PM ( @ ),6000,43599705,0,0,0,18,,,,,,,,,,,,,,,https://dkn.gs/sports/images/mlb/players/50/470292.png,,,,,,,7/14/2026,,,,,,,,,,,,,,,,,,,,,,,,,,
Riley O'Brien,RP,NLS,Showdown Captain Mode,Tue Jul 14 2026 01:00:00 GMT-0500 (Central Daylight Time),Showdown Captain Mode 7/14 8:00PM ( @ ),4000,43599633,0,0,0,12,,,,,,,,,,,,,,,https://dkn.gs/sports/images/mlb/players/50/470292.png,,,,,,,7/14/2026,,,,,,,,,,,,,,,,,,,,,,,,,,
Kevin McGonigle,CPT,ALS,Showdown Captain Mode,Tue Jul 14 2026 01:00:00 GMT-0500 (Central Daylight Time),Showdown Captain Mode 7/14 8:00PM ( @ ),5700,43599706,0,0,0,17.1,,,,,,,,,,,,,,,https://dkn.gs/sports/images/mlb/players/50/721210.png,,,,,,,7/14/2026,,,,,,,,,,,,,,,,,,,,,,,,,,
Kevin McGonigle,SS,ALS,Showdown Captain Mode,Tue Jul 14 2026 01:00:00 GMT-0500 (Central Daylight Time),Showdown Captain Mode 7/14 8:00PM ( @ ),3800,43599634,0,0,0,11.4,,,,,,,,,,,,,,,https://dkn.gs/sports/images/mlb/players/50/721210.png,,,,,,,7/14/2026,,,,,,,,,,,,,,,,,,,,,,,,,,
Otto Lopez,CPT,NLS,Showdown Captain Mode,Tue Jul 14 2026 01:00:00 GMT-0500 (Central Daylight Time),Showdown Captain Mode 7/14 8:00PM ( @ ),5700,43599707,0,0,0,17.1,,,,,,,,,,,,,,,https://dkn.gs/sports/images/mlb/players/50/459933.png,,,,,,,7/14/2026,,,,,,,,,,,,,,,,,,,,,,,,,,
Otto Lopez,2B/SS,NLS,Showdown Captain Mode,Tue Jul 14 2026 01:00:00 GMT-0500 (Central Daylight Time),Showdown Captain Mode 7/14 8:00PM ( @ ),3800,43599635,0,0,0,11.4,,,,,,,,,,,,,,,https://dkn.gs/sports/images/mlb/players/50/459933.png,,,,,,,7/14/2026,,,,,,,,,,,,,,,,,,,,,,,,,,
Ceddanne Rafaela,CPT,ALS,Showdown Captain Mode,Tue Jul 14 2026 01:00:00 GMT-0500 (Central Daylight Time),Showdown Captain Mode 7/14 8:00PM ( @ ),5400,43599708,0,0,0,16.2,,,,,,,,,,,,,,,https://dkn.gs/sports/images/mlb/players/50/634730.png,,,,,,,7/14/2026,,,,,,,,,,,,,,,,,,,,,,,,,,
Ceddanne Rafaela,OF/SS,ALS,Showdown Captain Mode,Tue Jul 14 2026 01:00:00 GMT-0500 (Central Daylight Time),Showdown Captain Mode 7/14 8:00PM ( @ ),3600,43599636,0,0,0,10.8,,,,,,,,,,,,,,,https://dkn.gs/sports/images/mlb/players/50/634730.png,,,,,,,7/14/2026,,,,,,,,,,,,,,,,,,,,,,,,,,
Sal Stewart,CPT,NLS,Showdown Captain Mode,Tue Jul 14 2026 01:00:00 GMT-0500 (Central Daylight Time),Showdown Captain Mode 7/14 8:00PM ( @ ),5400,43599709,0,0,0,16.2,,,,,,,,,,,,,,,https://dkn.gs/sports/images/mlb/players/50/658772.png,,,,,,,7/14/2026,,,,,,,,,,,,,,,,,,,,,,,,,,
Sal Stewart,1B/3B,NLS,Showdown Captain Mode,Tue Jul 14 2026 01:00:00 GMT-0500 (Central Daylight Time),Showdown Captain Mode 7/14 8:00PM ( @ ),3600,43599637,0,0,0,10.8,,,,,,,,,,,,,,,https://dkn.gs/sports/images/mlb/players/50/658772.png,,,,,,,7/14/2026,,,,,,,,,,,,,,,,,,,,,,,,,,
Travis Bazzana,CPT,ALS,Showdown Captain Mode,Tue Jul 14 2026 01:00:00 GMT-0500 (Central Daylight Time),Showdown Captain Mode 7/14 8:00PM ( @ ),5100,43599710,0,0,0,15.3,,,,,,,,,,,,,,,,,,,,,,7/14/2026,,,,,,,,,,,,,,,,,,,,,,,,,,
Travis Bazzana,2B,ALS,Showdown Captain Mode,Tue Jul 14 2026 01:00:00 GMT-0500 (Central Daylight Time),Showdown Captain Mode 7/14 8:00PM ( @ ),3400,43599638,0,0,0,10.2,,,,,,,,,,,,,,,,,,,,,,7/14/2026,,,,,,,,,,,,,,,,,,,,,,,,,,
William Contreras,CPT,NLS,Showdown Captain Mode,Tue Jul 14 2026 01:00:00 GMT-0500 (Central Daylight Time),Showdown Captain Mode 7/14 8:00PM ( @ ),5100,43599711,0,0,0,15.3,,,,,,,,,,,,,,,https://dkn.gs/sports/images/mlb/players/50/111559.png,,,,,,,7/14/2026,,,,,,,,,,,,,,,,,,,,,,,,,,
William Contreras,C,NLS,Showdown Captain Mode,Tue Jul 14 2026 01:00:00 GMT-0500 (Central Daylight Time),Showdown Captain Mode 7/14 8:00PM ( @ ),3400,43599639,0,0,0,10.2,,,,,,,,,,,,,,,https://dkn.gs/sports/images/mlb/players/50/111559.png,,,,,,,7/14/2026,,,,,,,,,,,,,,,,,,,,,,,,,,
Adley Rutschman,CPT,ALS,Showdown Captain Mode,Tue Jul 14 2026 01:00:00 GMT-0500 (Central Daylight Time),Showdown Captain Mode 7/14 8:00PM ( @ ),4500,43599714,0,0,0,13.5,,,,,,,,,,,,,,,https://dkn.gs/sports/images/mlb/players/50/459732.png,,,,,,,7/14/2026,,,,,,,,,,,,,,,,,,,,,,,,,,
Adley Rutschman,C,ALS,Showdown Captain Mode,Tue Jul 14 2026 01:00:00 GMT-0500 (Central Daylight Time),Showdown Captain Mode 7/14 8:00PM ( @ ),3000,43599642,0,0,0,9,,,,,,,,,,,,,,,https://dkn.gs/sports/images/mlb/players/50/459732.png,,,,,,,7/14/2026,,,,,,,,,,,,,,,,,,,,,,,,,,
Ivan Herrera,CPT,NLS,Showdown Captain Mode,Tue Jul 14 2026 01:00:00 GMT-0500 (Central Daylight Time),Showdown Captain Mode 7/14 8:00PM ( @ ),4500,43599715,0,0,0,13.5,,,,,,,,,,,,,,,https://dkn.gs/sports/images/mlb/players/50/459904.png,,,,,,,7/14/2026,,,,,,,,,,,,,,,,,,,,,,,,,,
Ivan Herrera,C,NLS,Showdown Captain Mode,Tue Jul 14 2026 01:00:00 GMT-0500 (Central Daylight Time),Showdown Captain Mode 7/14 8:00PM ( @ ),3000,43599643,0,0,0,9,,,,,,,,,,,,,,,https://dkn.gs/sports/images/mlb/players/50/459904.png,,,,,,,7/14/2026,,,,,,,,,,,,,,,,,,,,,,,,,,
Tristan Peters,CPT,ALS,Showdown Captain Mode,Tue Jul 14 2026 01:00:00 GMT-0500 (Central Daylight Time),Showdown Captain Mode 7/14 8:00PM ( @ ),4500,43599716,0,0,0,13.5,,,,,,,,,,,,,,,https://dkn.gs/sports/images/mlb/players/50/658798.png,,,,,,,7/14/2026,,,,,,,,,,,,,,,,,,,,,,,,,,
Tristan Peters,OF,ALS,Showdown Captain Mode,Tue Jul 14 2026 01:00:00 GMT-0500 (Central Daylight Time),Showdown Captain Mode 7/14 8:00PM ( @ ),3000,43599644,0,0,0,9,,,,,,,,,,,,,,,https://dkn.gs/sports/images/mlb/players/50/658798.png,,,,,,,7/14/2026,,,,,,,,,,,,,,,,,,,,,,,,,,